{
	"pages": [{
			"path": "pages/index/index",
			"style": {
				"navigationBarBackgroundColor": "white",
				"navigationBarTitleText": "首页",
				"navigationBarTextStyle": "black"
			}
		}, {
			"path": "pages/goods_category/index",
			"style": {
				"navigationBarTitleText": "分类"
			}
		}, {
			"path": "pages/cart/list",
			"style": {
				"navigationBarTitleText": "购物车"
			}
		}, {
			"path": "pages/member/index",
			"style": {
				"navigationBarTitleText": "我的"
			}
		}, {
			"path": "pages/utils/agreement",
			"style": {
				"navigationBarTitleText": "用户服务协议及隐私政策"
			}
		}

	],

	//分包加载配置，此配置为小程序的分包加载机制。
	"subPackages": [{
			"root": "order", //子包的根目录
			"pages": [{
					"path": "order/checkout",
					"style": {
						"navigationBarTitleText": "提交订单"
					}
				},
				{
					"path": "order/payment",
					"style": {
						"navigationBarTitleText": "订单支付"
					}
				},
				{
					"path": "order/list",
					"style": {
						"navigationBarTitleText": "订单",
						"enablePullDownRefresh": true
					}
				}

			]
		},
		{
			"root": "goods", //子包的根目录
			"pages": [{
					"path": "goods/detail",
					"style": {
						"navigationBarTitleText": "商品"
					}
				},
				{
					"path": "goods/list",
					"style": {
						"navigationBarTitleText": "商品列表",
						"enablePullDownRefresh": true
					}
				}

			]
		},
		{
			"root": "store", //子包的根目录
			"pages": [{
				"path": "store/index",
				"style": {
					"navigationBarTitleText": "店铺"
				}
			}]
		},
		{
			"root": "upms", //子包的根目录
			"pages": [{
					"path": "login/index",
					"style": {
						"navigationStyle": "custom",
						"navigationBarTitleText": "登录",
						"navigationBarBackgroundColor": "white",
						"navigationBarTextStyle": "black"
					}
				},
				{
					"path": "address/address",
					"style": {
						"navigationBarTitleText": "地址",
						"enablePullDownRefresh": true
					}
				},
				{
					"path": "address/address_add",
					"style": {
						"navigationBarTitleText": "新增地址"
					}
				},
				{
					"path": "goods_favorite/list",
					"style": {
						"navigationBarTitleText": "商品收藏",
						"enablePullDownRefresh": true
					}
				},
				{
					"path": "store_favorite/list",
					"style": {
						"navigationBarTitleText": "店铺关注",
						"enablePullDownRefresh": true
					}
				}
			]
		}
	],
	"preloadRule": {
		//当访问到该路由的页面时，会顺带预加载对应的包(可以是主包，也可以是子包)
		"pages/index/index": {
			"network": "all",
			"packages": ["__APP__"] //__APP__：标识预加载主包
		}
	},
	"tabBar": {
		"color": "#858585",
		"selectedColor": "#fd462f",
		"borderStyle": "white",
		"backgroundColor": "#ffffff",
		"list": [{
				"pagePath": "pages/index/index",
				"iconPath": "/static/images/icons/btn-tabs_01.png",
				"selectedIconPath": "/static/images/icons/btn-tabs_07.png",
				"text": "首页"
			},
			{
				"pagePath": "pages/goods_category/index",
				"iconPath": "/static/images/icons/btn-tabs_03.png",
				"selectedIconPath": "/static/images/icons/btn-tabs_08.png",
				"text": "分类"
			},
			{
				"pagePath": "pages/cart/list",
				"iconPath": "/static/images/icons/btn-tabs_05.png",
				"selectedIconPath": "/static/images/icons/btn-tabs_09.png",
				"text": "购物车"
			},
			{
				"pagePath": "pages/member/index",
				"iconPath": "/static/images/icons/btn-tabs_06.png",
				"selectedIconPath": "/static/images/icons/btn-tabs_10.png",
				"text": "我的"
			}
		]
	},
	"sitemapLocation": "sitemap.json",
	"globalStyle": {
		"backgroundTextStyle": "light",
		"navigationBarBackgroundColor": "white",
		"navigationBarTitleText": "商城",
		"navigationBarTextStyle": "black"
	}
}