{
  "setting": {},
  "condition": {
    "plugin": {
      "list": []
    },
    "game": {
      "list": []
    },
    "gamePlugin": {
      "list": []
    },
    "miniprogram": {
      "list": [
        {
          "name": "pages/search/search",
          "pathName": "pages/search/search",
          "query": "",
          "scene": null
        },
        {
          "name": "pages/goods/goods_list",
          "pathName": "pages/goods/goods_list",
          "query": "",
          "scene": null
        },
        {
          "name": "商品详情",
          "pathName": "pages/goods/goods",
          "query": "goodsId=98480",
          "scene": null
        },
        {
          "name": "分类",
          "pathName": "pages/category/index",
          "query": "",
          "scene": null
        },
        {
          "name": "我的",
          "pathName": "pages/upms/user",
          "query": "goodsId=98480",
          "scene": null
        }

      ]
    }
  }
}