{
	"pages": [{
			"path": "pages/index/start",
			"style": {
				"navigationBarTitleText": "",
				"navigationStyle": "custom"
			}
		}, {
			"path": "pages/index/login",
			"style": {
				"navigationBarTitleText": "登录",
				"navigationStyle": "custom"
			}
		},		
		{
			"path": "pages/index/index",
			"style": {
				"navigationBarBackgroundColor": "#007AFF",
				"navigationBarTitleText": "首页",
				"navigationBarTextStyle": "white"
			}
		},
		{
			"path": "pages/index/profile",
			"style": {
				"navigationBarTitleText": "我的"
			}
		},
		{
			"path": "pages/utils/agreement",
			"style": {
				"navigationBarTitleText": "用户服务协议及隐私政策"
			}
		}
	],
	//分包加载配置，此配置为小程序的分包加载机制。
	"subPackages": [{
			"root": "order", //子包的根目录
			"pages": [{
					"path": "order/list",
					"style": {
						"navigationBarTitleText": "订单列表",
						"enablePullDownRefresh": true
					}
				},
				{
					"path": "order/view",
					"style": {
						"navigationBarTitleText": "订单",
						"enablePullDownRefresh": true
					}
				},
				{
					"path": "order/shipping",
					"style": {
						"navigationBarTitleText": "发货",
						"enablePullDownRefresh": true
					}
				},
				{
					"path": "order/edit",
					"style": {
						"navigationBarTitleText": "订单明细"
					}
				}
			]
		},
		{
			"root": "store", //子包的根目录
			"pages": [
				{
					"path": "store_goods_category/add",
					"style": {
						"navigationBarTitleText": "添加商品分类"
					}
				},
				{
					"path": "store_goods_category/choose_category",
					"style": {
						"navigationBarTitleText": "选择商品分类"
					}
				},
				{
					"path": "store_goods_category/edit",
					"style": {
						"navigationBarTitleText": "编辑商品分类"
					}
				},
				{
					"path": "store_goods_category/list",
					"style": {
						"navigationBarTitleText": "商品分类",
						"enablePullDownRefresh": true
					}
				},
				{
					"path": "store/store",
					"style": {
						"navigationBarTitleText": "店铺"
					}
				},			
				{
					"path": "shipping_method/list",
					"style": {
						"navigationBarTitleText": "配送方式"
					}
				},
				{
					"path": "shipping_method/index",
					"style": {
						"navigationBarTitleText": "默认运费"
					}
				},
				{
					"path": "region_freight/list",
					"style": {
						"navigationBarTitleText": "地区运费配置"
					}
				},
				{
					"path": "region_freight/index",
					"style": {
						"navigationBarTitleText": "地区运费配置"
					}
				}
			]
		}, {
			"root": "upms", //子包的根目录
			"pages": [
				{
					"path": "favorite/list",
					"style": {
						"navigationBarTitleText": "收藏"
					}
				}
			]
		},
		{
			"root": "goods", //子包的根目录
			"pages": [{
					"path": "goods/list",
					"style": {
						"navigationBarTitleText": "商品管理",
						"enablePullDownRefresh": true
					}
				},
				{
					"path": "goods/choose_category",
					"style": {
						"navigationBarTitleText": "选择分类"
					}
				},
				{
					"path": "goods/index",
					"style": {
						"navigationBarTitleText": "发布商品"
					}
				},
				{
					"path": "goods/edit_detail",
					"style": {
						"navigationBarTitleText": "商品详情"
					}
				}

			]
		}
	],
	"preloadRule": {
		//当访问到该路由的页面时，会顺带预加载对应的包(可以是主包，也可以是子包)
		"pages/index/index": {
			"network": "all",
			"packages": ["__APP__"] //__APP__：标识预加载主包
		}
	},
	"tabBar": {
		"color": "#858585",
		"selectedColor": "#10a4ff",
		"borderStyle": "white",
		"backgroundColor": "#ffffff",
		"list": [{
				"pagePath": "pages/index/index",
				"iconPath": "/static/icon/shouye.png",
				"selectedIconPath": "/static/icon/shouye1.png",
				"text": "首页"
			},
			{
				"pagePath": "pages/index/profile",
				"iconPath": "/static/icon/wo.png",
				"selectedIconPath": "/static/icon/wo1.png",
				"text": "我的"
			}
		]
	},
	"globalStyle": {
		"navigationBarTextStyle": "black",
		"navigationBarTitleText": "uni-app",
		"navigationBarBackgroundColor": "#F8F8F8",
		"backgroundColor": "#F8F8F8"
	}
}
